file_name,original_size,compressed_size,compression_ratio,latency_ms,is_large_file,bug_triggered,checksum_ok,failed
big_test.bin,20971520,20977938,1.0003060340881347,2638.962,1,0,1,0
small1.txt.txt,6,26,4.333333333333333,2338.009,0,0,1,0
small2.txt.txt,12,29,2.4166666666666665,2307.172,0,0,1,0
big_test.bin,20971520,20977938,1.0003060340881347,2520.744,1,0,1,0
small1.txt.txt,6,26,4.333333333333333,2298.861,0,0,1,0
small2.txt.txt,12,29,2.4166666666666665,2330.648,0,0,1,0
big_test.bin,20971520,20977938,1.0003060340881347,2517.6,1,0,1,0
small1.txt.txt,6,26,4.333333333333333,2318.348,0,0,1,0
small2.txt.txt,12,29,2.4166666666666665,2333.208,0,0,1,0
big_test.bin,20971520,20977938,1.0003060340881347,2540.625,1,0,1,0
small1.txt.txt,6,26,4.333333333333333,2306.906,0,0,1,0
small2.txt.txt,12,29,2.4166666666666665,2661.606,0,0,1,0
big_test.bin,20971520,20977938,1.0003060340881347,3256.534,1,0,1,0
small1.txt.txt,6,26,4.333333333333333,2747.27,0,0,1,0
small2.txt.txt,12,29,2.4166666666666665,2767.319,0,0,1,0
big_test.bin,20971520,20977938,1.0003060340881347,2525.365,1,0,1,0
small1.txt.txt,6,26,4.333333333333333,2315.777,0,0,1,0
small2.txt.txt,12,29,2.4166666666666665,2304.463,0,0,1,0
big_test.bin,20971520,20977938,1.0003060340881347,2555.822,1,0,1,0
small1.txt.txt,6,26,4.333333333333333,2331.583,0,0,1,0
small2.txt.txt,12,29,2.4166666666666665,2308.028,0,0,1,0
big_test.bin,20971520,20977938,1.0003060340881347,3306.295,1,1,0,1
small1.txt.txt,6,26,4.333333333333333,2735.952,0,0,1,0
small2.txt.txt,12,29,2.4166666666666665,2784.628,0,0,1,0
big_test.bin,20971520,20977938,1.0003060340881347,3386.957,1,1,0,1
small1.txt.txt,6,26,4.333333333333333,2699.162,0,0,1,0
small2.txt.txt,12,29,2.4166666666666665,2707.611,0,0,1,0
big_test.bin,20971520,20977938,1.0003060340881347,3269.861,1,1,0,1
small1.txt.txt,6,26,4.333333333333333,2687.576,0,0,1,0
small2.txt.txt,12,29,2.4166666666666665,2732.399,0,0,1,0
big_test.bin,20971520,20977938,1.0003060340881347,2499.857,1,0,1,0
small1.txt.txt,6,26,4.333333333333333,2319.682,0,0,1,0
small2.txt.txt,12,29,2.4166666666666665,2307.375,0,0,1,0
big_test.bin,20971520,20977938,1.0003060340881347,2515.804,1,0,1,0
small1.txt.txt,6,26,4.333333333333333,2318.871,0,0,1,0
small2.txt.txt,12,29,2.4166666666666665,2309.229,0,0,1,0
big_test.bin,20971520,20977938,1.0003060340881347,2524.136,1,0,1,0
small1.txt.txt,6,26,4.333333333333333,2313.696,0,0,1,0
small2.txt.txt,12,29,2.4166666666666665,2320.749,0,0,1,0
big_test.bin,20971520,20977938,1.0003060340881347,2528.48,1,1,0,1
small1.txt.txt,6,26,4.333333333333333,2323.518,0,0,1,0
small2.txt.txt,12,29,2.4166666666666665,2321.006,0,0,1,0
big_test.bin,20971520,20977938,1.0003060340881347,2507.372,1,0,1,0
small1.txt.txt,6,26,4.333333333333333,2312.549,0,0,1,0
small2.txt.txt,12,29,2.4166666666666665,2317.524,0,0,1,0
big_test.bin,20971520,20977938,1.0003060340881347,2511.113,1,0,1,0
small1.txt.txt,6,26,4.333333333333333,2315.003,0,0,1,0
small2.txt.txt,12,29,2.4166666666666665,2309.056,0,0,1,0
big_test.bin,20971520,20977938,1.0003060340881347,2554.806,1,1,0,1
small1.txt.txt,6,26,4.333333333333333,2334.117,0,0,1,0
small2.txt.txt,12,29,2.4166666666666665,2330.096,0,0,1,0
big_test.bin,20971520,20977938,1.0003060340881347,2518.987,1,0,1,0
small1.txt.txt,6,26,4.333333333333333,2335.303,0,0,1,0
small2.txt.txt,12,29,2.4166666666666665,2323.931,0,0,1,0
big_test.bin,20971520,20977938,1.0003060340881347,2528.663,1,0,1,0
small1.txt.txt,6,26,4.333333333333333,2330.64,0,0,1,0
small2.txt.txt,12,29,2.4166666666666665,2317.697,0,0,1,0
big_test.bin,20971520,20977938,1.0003060340881347,2547.464,1,1,0,1
small1.txt.txt,6,26,4.333333333333333,2308.291,0,0,1,0
small2.txt.txt,12,29,2.4166666666666665,2310.832,0,0,1,0
big_test.bin,20971520,20977938,1.0003060340881347,2567.365,1,0,1,0
large_1.bin,5000000,5001548,1.0003096,2330.017,0,0,1,0
large_2.bin,10000000,10003073,1.0003073,2382.362,0,0,1,0
large_3.bin,20000000,20006123,1.00030615,2417.616,1,0,1,0
large_4.bin,50000000,50015273,1.00030546,2582.197,1,0,1,0
large_5.bin,75000000,75022898,1.0003053066666667,2683.778,1,0,1,0
large_6.bin,100000000,100030523,1.00030523,2800.647,1,0,1,0
medium_bin_2.bin,250000,250098,1.000392,2349.77,0,0,1,0
medium_bin_4.bin,1000000,1000328,1.000328,2334.707,0,0,1,0
medium_text_1.txt,100000,75763,0.75763,2325.149,0,0,1,0
medium_text_3.txt,500000,378799,0.757598,2317.68,0,0,1,0
small1.txt.txt,6,26,4.333333333333333,2341.163,0,0,1,0
small2.txt.txt,12,29,2.4166666666666665,2357.559,0,0,1,0
small_text_1.txt,5000,3818,0.7636,2408.354,0,0,1,0
small_text_2.txt,10000,7596,0.7596,2673.707,0,0,1,0
small_text_3.txt,20000,15182,0.7591,2677.0,0,0,1,0
small_text_4.txt,30000,22740,0.758,2678.095,0,0,1,0
small_text_5.txt,40000,30320,0.758,2752.158,0,0,1,0
small_text_6.txt,50000,37890,0.7578,2328.98,0,0,1,0
large_1.bin,5000000,5001548,1.0003096,2495.098,0,0,1,0
large_2.bin,10000000,10003073,1.0003073,2381.022,0,0,1,0
large_3.bin,20000000,20006123,1.00030615,2409.45,1,0,1,0
large_4.bin,50000000,50015273,1.00030546,2560.92,1,0,1,0
large_5.bin,75000000,75022898,1.0003053066666667,2703.128,1,0,1,0
large_6.bin,100000000,100030523,1.00030523,2806.14,1,0,1,0
medium_bin_2.bin,250000,250098,1.000392,2315.84,0,0,1,0
medium_bin_4.bin,1000000,1000328,1.000328,2348.941,0,0,1,0
medium_text_1.txt,100000,75763,0.75763,2318.869,0,0,1,0
medium_text_3.txt,500000,378799,0.757598,2335.243,0,0,1,0
small1.txt.txt,6,26,4.333333333333333,2317.144,0,0,1,0
small2.txt.txt,12,29,2.4166666666666665,2322.212,0,0,1,0
small_text_1.txt,5000,3818,0.7636,2321.399,0,0,1,0
small_text_2.txt,10000,7596,0.7596,2315.82,0,0,1,0
small_text_3.txt,20000,15182,0.7591,2318.001,0,0,1,0
small_text_4.txt,30000,22740,0.758,2315.898,0,0,1,0
small_text_5.txt,40000,30320,0.758,2318.694,0,0,1,0
small_text_6.txt,50000,37890,0.7578,2355.345,0,0,1,0
large_1.bin,5000000,5001548,1.0003096,2507.399,0,0,1,0
large_2.bin,10000000,10003073,1.0003073,2377.582,0,0,1,0
large_3.bin,20000000,20006123,1.00030615,2516.631,1,0,1,0
large_4.bin,50000000,50015273,1.00030546,2588.256,1,0,1,0
large_5.bin,75000000,75022898,1.0003053066666667,3056.909,1,0,1,0
large_6.bin,100000000,100030523,1.00030523,3685.699,1,0,1,0
medium_bin_2.bin,250000,250098,1.000392,2804.235,0,0,1,0
medium_bin_4.bin,1000000,1000328,1.000328,2794.17,0,0,1,0
medium_text_1.txt,100000,75763,0.75763,2748.245,0,0,1,0
medium_text_3.txt,500000,378799,0.757598,2759.723,0,0,1,0
small1.txt.txt,6,26,4.333333333333333,2734.756,0,0,1,0
small2.txt.txt,12,29,2.4166666666666665,2697.534,0,0,1,0
small_text_1.txt,5000,3818,0.7636,2714.77,0,0,1,0
small_text_2.txt,10000,7596,0.7596,2702.241,0,0,1,0
small_text_3.txt,20000,15182,0.7591,2782.176,0,0,1,0
small_text_4.txt,30000,22740,0.758,2718.653,0,0,1,0
small_text_5.txt,40000,30320,0.758,2675.174,0,0,1,0
small_text_6.txt,50000,37890,0.7578,2667.851,0,0,1,0
large_1.bin,5000000,5001548,1.0003096,2486.303,0,0,1,0
large_2.bin,10000000,10003073,1.0003073,2381.505,0,0,1,0
large_3.bin,20000000,20006123,1.00030615,2431.892,1,0,1,0
large_4.bin,50000000,50015273,1.00030546,2583.981,1,0,1,0
large_5.bin,75000000,75022898,1.0003053066666667,2733.336,1,0,1,0
large_6.bin,100000000,100030523,1.00030523,2770.126,1,0,1,0
medium_bin_2.bin,250000,250098,1.000392,2343.105,0,0,1,0
medium_bin_4.bin,1000000,1000328,1.000328,2320.979,0,0,1,0
medium_text_1.txt,100000,75763,0.75763,2334.454,0,0,1,0
medium_text_3.txt,500000,378799,0.757598,2323.393,0,0,1,0
small1.txt.txt,6,26,4.333333333333333,2309.353,0,0,1,0
small2.txt.txt,12,29,2.4166666666666665,2317.531,0,0,1,0
small_text_1.txt,5000,3818,0.7636,2316.664,0,0,1,0
small_text_2.txt,10000,7596,0.7596,2326.112,0,0,1,0
small_text_3.txt,20000,15182,0.7591,2339.41,0,0,1,0
small_text_4.txt,30000,22740,0.758,2323.6,0,0,1,0
small_text_5.txt,40000,30320,0.758,2311.503,0,0,1,0
small_text_6.txt,50000,37890,0.7578,2340.647,0,0,1,0
large_1.bin,5000000,5001548,1.0003096,2490.109,0,0,1,0
large_2.bin,10000000,10003073,1.0003073,2340.799,0,0,1,0
large_3.bin,20000000,20006123,1.00030615,2427.499,1,0,1,0
large_4.bin,50000000,50015273,1.00030546,2575.66,1,0,1,0
large_5.bin,75000000,75022898,1.0003053066666667,2713.912,1,0,1,0
large_6.bin,100000000,100030523,1.00030523,2907.361,1,0,1,0
medium_bin_2.bin,250000,250098,1.000392,2706.175,0,0,1,0
medium_bin_4.bin,1000000,1000328,1.000328,2789.535,0,0,1,0
medium_text_1.txt,100000,75763,0.75763,2797.384,0,0,1,0
medium_text_3.txt,500000,378799,0.757598,2805.416,0,0,1,0
small1.txt.txt,6,26,4.333333333333333,2332.164,0,0,1,0
small2.txt.txt,12,29,2.4166666666666665,2330.208,0,0,1,0
small_text_1.txt,5000,3818,0.7636,2337.1,0,0,1,0
small_text_2.txt,10000,7596,0.7596,2330.658,0,0,1,0
small_text_3.txt,20000,15182,0.7591,2317.137,0,0,1,0
small_text_4.txt,30000,22740,0.758,2334.044,0,0,1,0
small_text_5.txt,40000,30320,0.758,2335.72,0,0,1,0
small_text_6.txt,50000,37890,0.7578,2321.935,0,0,1,0
large_1.bin,5000000,5001548,1.0003096,2487.518,0,0,1,0
large_2.bin,10000000,10003073,1.0003073,2381.227,0,0,1,0
large_3.bin,20000000,20006123,1.00030615,2420.269,1,0,1,0
large_4.bin,50000000,50015273,1.00030546,2580.48,1,0,1,0
large_5.bin,75000000,75022898,1.0003053066666667,2682.792,1,0,1,0
large_6.bin,100000000,100030523,1.00030523,2794.705,1,0,1,0
medium_bin_2.bin,250000,250098,1.000392,2345.931,0,0,1,0
medium_bin_4.bin,1000000,1000328,1.000328,2334.579,0,0,1,0
medium_text_1.txt,100000,75763,0.75763,2302.429,0,0,1,0
medium_text_3.txt,500000,378799,0.757598,2321.902,0,0,1,0
small1.txt.txt,6,26,4.333333333333333,2311.436,0,0,1,0
small2.txt.txt,12,29,2.4166666666666665,2318.763,0,0,1,0
small_text_1.txt,5000,3818,0.7636,2318.606,0,0,1,0
small_text_2.txt,10000,7596,0.7596,2316.675,0,0,1,0
small_text_3.txt,20000,15182,0.7591,2329.305,0,0,1,0
small_text_4.txt,30000,22740,0.758,2316.4,0,0,1,0
small_text_5.txt,40000,30320,0.758,2316.797,0,0,1,0
small_text_6.txt,50000,37890,0.7578,2344.865,0,0,1,0
large_1.bin,5000000,5001548,1.0003096,2469.115,0,0,1,0
large_2.bin,10000000,10003073,1.0003073,2377.583,0,0,1,0
large_3.bin,20000000,20006123,1.00030615,2421.345,1,0,1,0
large_4.bin,50000000,50015273,1.00030546,2565.678,1,0,1,0
large_5.bin,75000000,75022898,1.0003053066666667,2718.165,1,0,1,0
large_6.bin,100000000,100030523,1.00030523,2798.767,1,0,1,0
medium_bin_2.bin,250000,250098,1.000392,2335.935,0,0,1,0
medium_bin_4.bin,1000000,1000328,1.000328,2321.745,0,0,1,0
medium_text_1.txt,100000,75763,0.75763,2315.581,0,0,1,0
medium_text_3.txt,500000,378799,0.757598,2307.991,0,0,1,0
small1.txt.txt,6,26,4.333333333333333,2312.99,0,0,1,0
small2.txt.txt,12,29,2.4166666666666665,2325.701,0,0,1,0
small_text_1.txt,5000,3818,0.7636,2334.876,0,0,1,0
small_text_2.txt,10000,7596,0.7596,2318.58,0,0,1,0
small_text_3.txt,20000,15182,0.7591,2316.256,0,0,1,0
small_text_4.txt,30000,22740,0.758,2707.241,0,0,1,0
small_text_5.txt,40000,30320,0.758,2722.063,0,0,1,0
small_text_6.txt,50000,37890,0.7578,2764.288,0,0,1,0
large_1.bin,5000000,5001548,1.0003096,2494.379,0,0,1,0
large_2.bin,10000000,10003073,1.0003073,2374.817,0,0,1,0
large_3.bin,20000000,20006123,1.00030615,2419.89,1,0,1,0
large_4.bin,50000000,50015273,1.00030546,2585.086,1,0,1,0
large_5.bin,75000000,75022898,1.0003053066666667,2714.479,1,0,1,0
large_6.bin,100000000,100030523,1.00030523,3221.864,1,0,1,0
medium_bin_2.bin,250000,250098,1.000392,2698.983,0,0,1,0
medium_bin_4.bin,1000000,1000328,1.000328,2748.338,0,0,1,0
medium_text_1.txt,100000,75763,0.75763,2734.678,0,0,1,0
medium_text_3.txt,500000,378799,0.757598,2773.536,0,0,1,0
small1.txt.txt,6,26,4.333333333333333,2737.712,0,0,1,0
small2.txt.txt,12,29,2.4166666666666665,2727.009,0,0,1,0
small_text_1.txt,5000,3818,0.7636,2732.548,0,0,1,0
small_text_2.txt,10000,7596,0.7596,2711.824,0,0,1,0
small_text_3.txt,20000,15182,0.7591,2700.198,0,0,1,0
small_text_4.txt,30000,22740,0.758,2732.863,0,0,1,0
small_text_5.txt,40000,30320,0.758,2726.604,0,0,1,0
small_text_6.txt,50000,37890,0.7578,2761.108,0,0,1,0
stupid1.txt,34984320,223185,0.006379572334119971,2811.996,1,0,1,0
stupid10.txt,92927100,588322,0.006331005702319345,2975.457,1,0,1,0
stupid2.txt,174921600,1105019,0.006317224402246492,3196.98,1,0,1,0
stupid3.txt,27,27,1.0,2711.66,0,0,1,0
stupid4.txt,122978270,777700,0.00632388144669786,3063.09,1,0,1,0
stupid5.txt,104952993,664104,0.00632763279080569,3004.894,1,0,1,0
stupid6.txt,119367250,754945,0.00632455719638343,3072.208,1,0,1,0
stupid7.txt,247805617,1564312,0.00631265755368249,3347.772,1,0,1,0
stupid8.txt,11843716,77406,0.006535617706469828,2780.811,1,0,1,0
stupid9.txt,70150854,444798,0.006340592803046988,2933.354,1,0,1,0
large_1.bin,5000000,5001548,1.0003096,2498.51,0,0,1,0
large_2.bin,10000000,10003073,1.0003073,2387.493,0,0,1,0
large_3.bin,20000000,20006123,1.00030615,2429.128,1,0,1,0
large_4.bin,50000000,50015273,1.00030546,3213.366,1,0,1,0
large_5.bin,75000000,75022898,1.0003053066666667,3425.536,1,0,1,0
large_6.bin,100000000,100030523,1.00030523,3583.708,1,0,1,0
medium_bin_2.bin,250000,250098,1.000392,2771.18,0,0,1,0
medium_bin_4.bin,1000000,1000328,1.000328,2843.988,0,0,1,0
medium_text_1.txt,100000,75763,0.75763,2851.974,0,0,1,0
medium_text_3.txt,500000,378799,0.757598,2893.508,0,0,1,0
small1.txt.txt,6,26,4.333333333333333,2771.006,0,0,1,0
small2.txt.txt,12,29,2.4166666666666665,2757.022,0,0,1,0
small_text_1.txt,5000,3818,0.7636,2726.111,0,0,1,0
small_text_2.txt,10000,7596,0.7596,2314.699,0,0,1,0
small_text_3.txt,20000,15182,0.7591,2313.999,0,0,1,0
small_text_4.txt,30000,22740,0.758,2322.324,0,0,1,0
small_text_5.txt,40000,30320,0.758,2325.109,0,0,1,0
small_text_6.txt,50000,37890,0.7578,2325.636,0,0,1,0
stupid1.txt,34984320,223185,0.006379572334119971,2630.877,1,0,1,0
stupid10.txt,92927100,588322,0.006331005702319345,2939.302,1,0,1,0
stupid2.txt,174921600,1105019,0.006317224402246492,3261.017,1,0,1,0
stupid3.txt,27,27,1.0,2708.152,0,0,1,0
stupid4.txt,122978270,777700,0.00632388144669786,3048.852,1,0,1,0
stupid5.txt,104952993,664104,0.00632763279080569,3008.435,1,0,1,0
stupid6.txt,119367250,754945,0.00632455719638343,3024.87,1,0,1,0
stupid7.txt,247805617,1564312,0.00631265755368249,3447.142,1,0,1,0
stupid8.txt,11843716,77406,0.006535617706469828,2772.64,1,0,1,0
stupid9.txt,70150854,444798,0.006340592803046988,2942.688,1,0,1,0
large_1.bin,5000000,5001548,1.0003096,2489.181,0,0,1,0
large_2.bin,10000000,10003073,1.0003073,2821.705,0,0,1,0
large_3.bin,20000000,20006123,1.00030615,2468.058,1,0,1,0
large_4.bin,50000000,50015273,1.00030546,2602.758,1,0,1,0
large_5.bin,75000000,75022898,1.0003053066666667,2675.999,1,0,1,0
large_6.bin,100000000,100030523,1.00030523,2766.177,1,0,1,0
medium_bin_2.bin,250000,250098,1.000392,2330.358,0,0,1,0
medium_bin_4.bin,1000000,1000328,1.000328,2337.496,0,0,1,0
medium_text_1.txt,100000,75763,0.75763,2333.23,0,0,1,0
medium_text_3.txt,500000,378799,0.757598,2349.196,0,0,1,0
small1.txt.txt,6,26,4.333333333333333,2320.053,0,0,1,0
small2.txt.txt,12,29,2.4166666666666665,2323.435,0,0,1,0
small_text_1.txt,5000,3818,0.7636,2311.297,0,0,1,0
small_text_2.txt,10000,7596,0.7596,2326.112,0,0,1,0
small_text_3.txt,20000,15182,0.7591,2347.637,0,0,1,0
small_text_4.txt,30000,22740,0.758,2329.131,0,0,1,0
small_text_5.txt,40000,30320,0.758,2335.505,0,0,1,0
small_text_6.txt,50000,37890,0.7578,2318.408,0,0,1,0
stupid1.txt,34984320,223185,0.006379572334119971,2384.272,1,0,1,0
stupid10.txt,92927100,588322,0.006331005702319345,2491.337,1,0,1,0
stupid2.txt,174921600,1105019,0.006317224402246492,2621.775,1,0,1,0
stupid3.txt,27,27,1.0,2307.578,0,0,1,0
stupid4.txt,122978270,777700,0.00632388144669786,2531.625,1,0,1,0
stupid5.txt,104952993,664104,0.00632763279080569,2522.259,1,0,1,0
stupid6.txt,119367250,754945,0.00632455719638343,2552.826,1,0,1,0
stupid7.txt,247805617,1564312,0.00631265755368249,2768.466,1,0,1,0
stupid8.txt,11843716,77406,0.006535617706469828,2358.024,1,0,1,0
stupid9.txt,70150854,444798,0.006340592803046988,2447.323,1,0,1,0
large_1.bin,5000000,5001548,1.0003096,2502.556,0,0,1,0
large_2.bin,10000000,10003073,1.0003073,2410.151,0,0,1,0
large_3.bin,20000000,20006123,1.00030615,2473.46,1,0,1,0
large_4.bin,50000000,50015273,1.00030546,2599.845,1,0,1,0
large_5.bin,75000000,75022898,1.0003053066666667,2692.651,1,0,1,0
large_6.bin,100000000,100030523,1.00030523,2802.613,1,0,1,0
medium_bin_2.bin,250000,250098,1.000392,2332.221,0,0,1,0
medium_bin_4.bin,1000000,1000328,1.000328,2345.26,0,0,1,0
medium_text_1.txt,100000,75763,0.75763,2326.834,0,0,1,0
medium_text_3.txt,500000,378799,0.757598,2312.055,0,0,1,0
small1.txt.txt,6,26,4.333333333333333,2335.052,0,0,1,0
small2.txt.txt,12,29,2.4166666666666665,2342.61,0,0,1,0
small_text_1.txt,5000,3818,0.7636,2326.677,0,0,1,0
small_text_2.txt,10000,7596,0.7596,2326.848,0,0,1,0
small_text_3.txt,20000,15182,0.7591,2313.825,0,0,1,0
small_text_4.txt,30000,22740,0.758,2328.478,0,0,1,0
small_text_5.txt,40000,30320,0.758,2316.461,0,0,1,0
small_text_6.txt,50000,37890,0.7578,2310.8,0,0,1,0
stupid1.txt,34984320,223185,0.006379572334119971,2400.8,1,0,1,0
stupid10.txt,92927100,588322,0.006331005702319345,2511.203,1,0,1,0
stupid2.txt,174921600,1105019,0.006317224402246492,2631.961,1,0,1,0
stupid3.txt,27,27,1.0,2328.9,0,0,1,0
stupid4.txt,122978270,777700,0.00632388144669786,2555.414,1,0,1,0
stupid5.txt,104952993,664104,0.00632763279080569,2507.608,1,0,1,0
stupid6.txt,119367250,754945,0.00632455719638343,2544.575,1,0,1,0
stupid7.txt,247805617,1564312,0.00631265755368249,2776.366,1,0,1,0
stupid8.txt,11843716,77406,0.006535617706469828,2376.561,1,0,1,0
stupid9.txt,70150854,444798,0.006340592803046988,2488.077,1,0,1,0
large_1.bin,5000000,5001548,1.0003096,2522.974,0,0,1,0
large_2.bin,10000000,10003073,1.0003073,2384.409,0,0,1,0
large_3.bin,20000000,20006123,1.00030615,2417.765,1,0,1,0
large_4.bin,50000000,50015273,1.00030546,2563.603,1,0,1,0
large_5.bin,75000000,75022898,1.0003053066666667,2692.754,1,0,1,0
large_6.bin,100000000,100030523,1.00030523,2805.826,1,0,1,0
medium_bin_2.bin,250000,250098,1.000392,2359.366,0,0,1,0
medium_bin_4.bin,1000000,1000328,1.000328,2310.228,0,0,1,0
medium_text_1.txt,100000,75763,0.75763,2326.727,0,0,1,0
medium_text_3.txt,500000,378799,0.757598,2311.682,0,0,1,0
small1.txt.txt,6,26,4.333333333333333,2330.33,0,0,1,0
small2.txt.txt,12,29,2.4166666666666665,2323.479,0,0,1,0
small_text_1.txt,5000,3818,0.7636,2329.881,0,0,1,0
small_text_2.txt,10000,7596,0.7596,2312.603,0,0,1,0
small_text_3.txt,20000,15182,0.7591,2323.299,0,0,1,0
small_text_4.txt,30000,22740,0.758,2338.747,0,0,1,0
small_text_5.txt,40000,30320,0.758,2328.929,0,0,1,0
small_text_6.txt,50000,37890,0.7578,2339.166,0,0,1,0
stupid1.txt,34984320,223185,0.006379572334119971,2366.208,1,0,1,0
stupid10.txt,92927100,588322,0.006331005702319345,2507.159,1,0,1,0
stupid2.txt,174921600,1105019,0.006317224402246492,2635.14,1,0,1,0
stupid3.txt,27,27,1.0,2323.496,0,0,1,0
stupid4.txt,122978270,777700,0.00632388144669786,2553.318,1,0,1,0
stupid5.txt,104952993,664104,0.00632763279080569,2517.721,1,0,1,0
stupid6.txt,119367250,754945,0.00632455719638343,2537.941,1,0,1,0
stupid7.txt,247805617,1564312,0.00631265755368249,2763.88,1,0,1,0
stupid8.txt,11843716,77406,0.006535617706469828,2353.944,1,0,1,0
stupid9.txt,70150854,444798,0.006340592803046988,2475.546,1,0,1,0
large_1.bin,5000000,5001548,1.0003096,2422.597,0,0,1,0
large_2.bin,10000000,10003073,1.0003073,2378.726,0,0,1,0
large_3.bin,20000000,20006123,1.00030615,2424.464,1,0,1,0
large_4.bin,50000000,50015273,1.00030546,2570.26,1,0,1,0
large_5.bin,75000000,75022898,1.0003053066666667,2668.511,1,0,1,0
large_6.bin,100000000,100030523,1.00030523,2793.256,1,0,1,0
medium_bin_2.bin,250000,250098,1.000392,2349.35,0,0,1,0
medium_bin_4.bin,1000000,1000328,1.000328,2329.348,0,0,1,0
medium_text_1.txt,100000,75763,0.75763,2338.446,0,0,1,0
medium_text_3.txt,500000,378799,0.757598,2332.764,0,0,1,0
small1.txt.txt,6,26,4.333333333333333,2333.593,0,0,1,0
small2.txt.txt,12,29,2.4166666666666665,2336.113,0,0,1,0
small_text_1.txt,5000,3818,0.7636,2322.325,0,0,1,0
small_text_2.txt,10000,7596,0.7596,2317.967,0,0,1,0
small_text_3.txt,20000,15182,0.7591,2336.016,0,0,1,0
small_text_4.txt,30000,22740,0.758,2320.984,0,0,1,0
small_text_5.txt,40000,30320,0.758,2336.509,0,0,1,0
small_text_6.txt,50000,37890,0.7578,2337.071,0,0,1,0
stupid1.txt,34984320,223185,0.006379572334119971,2420.319,1,0,1,0
stupid10.txt,92927100,588322,0.006331005702319345,2490.447,1,0,1,0
stupid2.txt,174921600,1105019,0.006317224402246492,2638.455,1,0,1,0
stupid3.txt,27,27,1.0,2314.542,0,0,1,0
stupid4.txt,122978270,777700,0.00632388144669786,2563.78,1,0,1,0
stupid5.txt,104952993,664104,0.00632763279080569,2531.766,1,0,1,0
stupid6.txt,119367250,754945,0.00632455719638343,2539.802,1,0,1,0
stupid7.txt,247805617,1564312,0.00631265755368249,2787.678,1,0,1,0
stupid8.txt,11843716,77406,0.006535617706469828,2348.936,1,0,1,0
stupid9.txt,70150854,444798,0.006340592803046988,2449.437,1,0,1,0
large_1.bin,5000000,5001548,1.0003096,2471.135,0,0,1,0
large_2.bin,10000000,10003073,1.0003073,2387.483,0,0,1,0
large_3.bin,20000000,20006123,1.00030615,2451.817,1,0,1,0
large_4.bin,50000000,50015273,1.00030546,2560.483,1,0,1,0
large_5.bin,75000000,75022898,1.0003053066666667,2706.31,1,0,1,0
large_6.bin,100000000,100030523,1.00030523,2846.523,1,0,1,0
medium_bin_2.bin,250000,250098,1.000392,2331.235,0,0,1,0
medium_bin_4.bin,1000000,1000328,1.000328,2328.697,0,0,1,0
medium_text_1.txt,100000,75763,0.75763,2330.296,0,0,1,0
medium_text_3.txt,500000,378799,0.757598,2333.416,0,0,1,0
small1.txt.txt,6,26,4.333333333333333,2337.782,0,0,1,0
small2.txt.txt,12,29,2.4166666666666665,2308.958,0,0,1,0
small_text_1.txt,5000,3818,0.7636,2333.867,0,0,1,0
small_text_2.txt,10000,7596,0.7596,2340.425,0,0,1,0
small_text_3.txt,20000,15182,0.7591,2322.925,0,0,1,0
small_text_4.txt,30000,22740,0.758,2321.562,0,0,1,0
small_text_5.txt,40000,30320,0.758,2334.306,0,0,1,0
small_text_6.txt,50000,37890,0.7578,2338.044,0,0,1,0
stupid1.txt,34984320,223185,0.006379572334119971,2402.159,1,0,1,0
stupid10.txt,92927100,588322,0.006331005702319345,2512.682,1,0,1,0
stupid2.txt,174921600,1105019,0.006317224402246492,2654.082,1,0,1,0
stupid3.txt,27,27,1.0,2355.736,0,0,1,0
stupid4.txt,122978270,777700,0.00632388144669786,2584.367,1,0,1,0
stupid5.txt,104952993,664104,0.00632763279080569,2531.23,1,0,1,0
stupid6.txt,119367250,754945,0.00632455719638343,2535.901,1,0,1,0
stupid7.txt,247805617,1564312,0.00631265755368249,2791.738,1,0,1,0
stupid8.txt,11843716,77406,0.006535617706469828,2367.44,1,0,1,0
stupid9.txt,70150854,444798,0.006340592803046988,2474.159,1,0,1,0
large_1.bin,5000000,5001548,1.0003096,2447.015,0,0,1,0
large_2.bin,10000000,10003073,1.0003073,2465.738,0,0,1,0
large_2.bin,10000000,10003073,1.0003073,2366.67,0,0,1,0
large_3.bin,20000000,20006123,1.00030615,2413.847,1,0,1,0
large_3.bin,20000000,20006123,1.00030615,2396.074,1,0,1,0
large_4.bin,50000000,50015273,1.00030546,2580.596,1,0,1,0
large_4.bin,50000000,50015273,1.00030546,2564.124,1,0,1,0
large_5.bin,75000000,75022898,1.0003053066666667,2695.624,1,0,1,0
large_5.bin,75000000,75022898,1.0003053066666667,2708.442,1,0,1,0
large_6.bin,100000000,100030523,1.00030523,2820.8,1,0,1,0
medium_bin_2.bin,250000,250098,1.000392,2367.202,0,0,1,0
large_6.bin,100000000,100030523,1.00030523,2875.986,1,0,1,0
medium_bin_4.bin,1000000,1000328,1.000328,2345.044,0,0,1,0
medium_bin_2.bin,250000,250098,1.000392,2326.651,0,0,1,0
medium_text_1.txt,100000,75763,0.75763,2338.127,0,0,1,0
medium_bin_4.bin,1000000,1000328,1.000328,2317.05,0,0,1,0
medium_text_3.txt,500000,378799,0.757598,2336.19,0,0,1,0
medium_text_1.txt,100000,75763,0.75763,2317.314,0,0,1,0
small1.txt.txt,6,26,4.333333333333333,2326.044,0,0,1,0
medium_text_3.txt,500000,378799,0.757598,2337.184,0,0,1,0
small2.txt.txt,12,29,2.4166666666666665,2331.481,0,0,1,0
small1.txt.txt,6,26,4.333333333333333,2313.25,0,0,1,0
small_text_1.txt,5000,3818,0.7636,2349.502,0,0,1,0
small2.txt.txt,12,29,2.4166666666666665,2314.137,0,0,1,0
small_text_2.txt,10000,7596,0.7596,2350.593,0,0,1,0
small_text_1.txt,5000,3818,0.7636,2337.51,0,0,1,0
small_text_3.txt,20000,15182,0.7591,2327.697,0,0,1,0
small_text_2.txt,10000,7596,0.7596,2328.152,0,0,1,0
small_text_4.txt,30000,22740,0.758,2334.81,0,0,1,0
small_text_3.txt,20000,15182,0.7591,2337.306,0,0,1,0
small_text_5.txt,40000,30320,0.758,2352.301,0,0,1,0
small_text_4.txt,30000,22740,0.758,2329.184,0,0,1,0
small_text_6.txt,50000,37890,0.7578,2354.942,0,0,1,0
small_text_5.txt,40000,30320,0.758,2330.387,0,0,1,0
small_text_6.txt,50000,37890,0.7578,2426.973,0,0,1,0
stupid1.txt,34984320,223185,0.006379572334119971,2485.777,1,0,1,0
stupid1.txt,34984320,223185,0.006379572334119971,2385.272,1,0,1,0
stupid10.txt,92927100,588322,0.006331005702319345,2476.746,1,0,1,0
stupid10.txt,92927100,588322,0.006331005702319345,2497.049,1,0,1,0
stupid2.txt,174921600,1105019,0.006317224402246492,2636.412,1,0,1,0
stupid2.txt,174921600,1105019,0.006317224402246492,2700.378,1,0,1,0
stupid3.txt,27,27,1.0,2313.936,0,0,1,0
stupid4.txt,122978270,777700,0.00632388144669786,2549.923,1,0,1,0
stupid4.txt,122978270,777700,0.00632388144669786,2557.898,1,0,1,0
stupid5.txt,104952993,664104,0.00632763279080569,2511.606,1,0,1,0
stupid5.txt,104952993,664104,0.00632763279080569,2545.402,1,0,1,0
stupid6.txt,119367250,754945,0.00632455719638343,2538.298,1,0,1,0
stupid6.txt,119367250,754945,0.00632455719638343,2553.843,1,0,1,0
stupid7.txt,247805617,1564312,0.00631265755368249,2770.507,1,0,1,0
stupid7.txt,247805617,1564312,0.00631265755368249,2767.506,1,0,1,0
stupid8.txt,11843716,77406,0.006535617706469828,2335.377,1,0,1,0
stupid8.txt,11843716,77406,0.006535617706469828,2378.04,1,0,1,0
stupid9.txt,70150854,444798,0.006340592803046988,2439.936,1,0,1,0
stupid9.txt,70150854,444798,0.006340592803046988,2452.964,1,0,1,0
large_1.bin,5000000,5001548,1.0003096,2432.627,0,0,1,0
large_1.bin,5000000,5001548,1.0003096,2427.856,0,0,1,0
large_2.bin,10000000,10003073,1.0003073,2371.938,0,0,1,0
large_2.bin,10000000,10003073,1.0003073,2373.112,0,0,1,0
large_3.bin,20000000,20006123,1.00030615,2425.24,1,0,1,0
large_3.bin,20000000,20006123,1.00030615,2439.47,1,0,1,0
large_4.bin,50000000,50015273,1.00030546,2580.789,1,0,1,0
large_4.bin,50000000,50015273,1.00030546,2777.699,1,0,1,0
large_5.bin,75000000,75022898,1.0003053066666667,3318.256,1,0,1,0
large_5.bin,75000000,75022898,1.0003053066666667,3378.776,1,0,1,0
large_6.bin,100000000,100030523,1.00030523,3589.489,1,0,1,0
large_6.bin,100000000,100030523,1.00030523,3644.48,1,0,1,0
medium_bin_2.bin,250000,250098,1.000392,2716.307,0,0,1,0
medium_bin_2.bin,250000,250098,1.000392,2807.236,0,0,1,0
medium_bin_4.bin,1000000,1000328,1.000328,2814.847,0,0,1,0
medium_bin_4.bin,1000000,1000328,1.000328,2855.12,0,0,1,0
medium_text_1.txt,100000,75763,0.75763,2820.836,0,0,1,0
medium_text_1.txt,100000,75763,0.75763,2839.371,0,0,1,0
medium_text_3.txt,500000,378799,0.757598,2840.081,0,0,1,0
medium_text_3.txt,500000,378799,0.757598,2854.984,0,0,1,0
small1.txt.txt,6,26,4.333333333333333,2826.302,0,0,1,0
small1.txt.txt,6,26,4.333333333333333,2865.753,0,0,1,0
small2.txt.txt,12,29,2.4166666666666665,2812.77,0,0,1,0
small2.txt.txt,12,29,2.4166666666666665,2905.979,0,0,1,0
small_text_1.txt,5000,3818,0.7636,2888.932,0,0,1,0
small_text_2.txt,10000,7596,0.7596,2824.12,0,0,1,0
small_text_3.txt,20000,15182,0.7591,2854.117,0,0,1,0
small_text_3.txt,20000,15182,0.7591,2851.243,0,0,1,0
small_text_4.txt,30000,22740,0.758,2804.513,0,0,1,0
small_text_5.txt,40000,30320,0.758,2804.54,0,0,1,0
small_text_6.txt,50000,37890,0.7578,2855.072,0,0,1,0
small_text_6.txt,50000,37890,0.7578,2760.804,0,0,1,0
stupid1.txt,34984320,223185,0.006379572334119971,2826.579,1,0,1,0
stupid1.txt,34984320,223185,0.006379572334119971,2806.23,1,0,1,0
stupid10.txt,92927100,588322,0.006331005702319345,2994.789,1,0,1,0
stupid10.txt,92927100,588322,0.006331005702319345,2808.157,1,0,1,0
stupid2.txt,174921600,1105019,0.006317224402246492,2639.086,1,0,1,0
stupid2.txt,174921600,1105019,0.006317224402246492,2651.915,1,0,1,0
stupid3.txt,27,27,1.0,2431.725,0,0,1,0
stupid3.txt,27,27,1.0,2328.659,0,0,1,0
stupid4.txt,122978270,777700,0.00632388144669786,2542.856,1,0,1,0
stupid4.txt,122978270,777700,0.00632388144669786,2574.545,1,0,1,0
stupid5.txt,104952993,664104,0.00632763279080569,2508.675,1,0,1,0
stupid5.txt,104952993,664104,0.00632763279080569,2523.99,1,0,1,0
stupid6.txt,119367250,754945,0.00632455719638343,2558.403,1,0,1,0
stupid6.txt,119367250,754945,0.00632455719638343,2567.543,1,0,1,0
stupid7.txt,247805617,1564312,0.00631265755368249,2780.556,1,0,1,0
stupid7.txt,247805617,1564312,0.00631265755368249,2784.349,1,0,1,0
stupid8.txt,11843716,77406,0.006535617706469828,2364.553,1,0,1,0
stupid8.txt,11843716,77406,0.006535617706469828,2375.054,1,0,1,0
stupid9.txt,70150854,444798,0.006340592803046988,2452.288,1,0,1,0
stupid9.txt,70150854,444798,0.006340592803046988,2483.102,1,0,1,0
large_1.bin,5000000,5001548,1.0003096,2478.375,0,0,1,0
large_2.bin,10000000,10003073,1.0003073,2370.141,0,0,1,0
large_3.bin,20000000,20006123,1.00030615,2471.103,1,0,1,0
large_4.bin,50000000,50015273,1.00030546,2560.985,1,0,1,0
large_5.bin,75000000,75022898,1.0003053066666667,2723.109,1,0,1,0
large_2.bin,10000000,10003073,1.0003073,2411.646,0,0,1,0
large_3.bin,20000000,20006123,1.00030615,2497.675,1,0,1,0
large_6.bin,100000000,100030523,1.00030523,2894.975,1,0,1,0
medium_bin_2.bin,250000,250098,1.000392,2338.657,0,0,1,0
large_4.bin,50000000,50015273,1.00030546,2574.866,1,0,1,0
medium_bin_4.bin,1000000,1000328,1.000328,2313.266,0,0,1,0
medium_text_1.txt,100000,75763,0.75763,2329.984,0,0,1,0
large_5.bin,75000000,75022898,1.0003053066666667,2700.806,1,0,1,0
medium_text_3.txt,500000,378799,0.757598,2326.924,0,0,1,0
small1.txt.txt,6,26,4.333333333333333,2313.388,0,0,1,0
small2.txt.txt,12,29,2.4166666666666665,2334.729,0,0,1,0
large_6.bin,100000000,100030523,1.00030523,2848.735,1,0,1,0
small_text_1.txt,5000,3818,0.7636,2346.719,0,0,1,0
medium_bin_2.bin,250000,250098,1.000392,2319.988,0,0,1,0
small_text_2.txt,10000,7596,0.7596,2327.988,0,0,1,0
medium_bin_4.bin,1000000,1000328,1.000328,2338.606,0,0,1,0
small_text_3.txt,20000,15182,0.7591,2311.062,0,0,1,0
medium_text_1.txt,100000,75763,0.75763,2316.636,0,0,1,0
small_text_4.txt,30000,22740,0.758,2329.973,0,0,1,0
medium_text_3.txt,500000,378799,0.757598,2317.175,0,0,1,0
small_text_5.txt,40000,30320,0.758,2328.082,0,0,1,0
small1.txt.txt,6,26,4.333333333333333,2425.397,0,0,1,0
small_text_6.txt,50000,37890,0.7578,2712.94,0,0,1,0
small2.txt.txt,12,29,2.4166666666666665,2725.286,0,0,1,0
stupid1.txt,34984320,223185,0.006379572334119971,2833.938,1,0,1,0
small_text_1.txt,5000,3818,0.7636,2720.543,0,0,1,0
stupid10.txt,92927100,588322,0.006331005702319345,2527.819,1,0,1,0
small_text_2.txt,10000,7596,0.7596,2370.852,0,0,1,0
small_text_3.txt,20000,15182,0.7591,2335.26,0,0,1,0
stupid2.txt,174921600,1105019,0.006317224402246492,2624.136,1,0,1,0
small_text_4.txt,30000,22740,0.758,2326.138,0,0,1,0
stupid3.txt,27,27,1.0,2330.033,0,0,1,0
small_text_5.txt,40000,30320,0.758,2327.43,0,0,1,0
stupid4.txt,122978270,777700,0.00632388144669786,2596.597,1,0,1,0
stupid1.txt,34984320,223185,0.006379572334119971,2406.856,1,0,1,0
stupid5.txt,104952993,664104,0.00632763279080569,2505.093,1,0,1,0
stupid10.txt,92927100,588322,0.006331005702319345,2488.26,1,0,1,0
stupid6.txt,119367250,754945,0.00632455719638343,2569.221,1,0,1,0
stupid2.txt,174921600,1105019,0.006317224402246492,2626.119,1,0,1,0
stupid7.txt,247805617,1564312,0.00631265755368249,2759.533,1,0,1,0
stupid3.txt,27,27,1.0,2339.205,0,0,1,0
stupid8.txt,11843716,77406,0.006535617706469828,2366.141,1,0,1,0
stupid4.txt,122978270,777700,0.00632388144669786,2571.881,1,0,1,0
stupid9.txt,70150854,444798,0.006340592803046988,2447.532,1,0,1,0
stupid5.txt,104952993,664104,0.00632763279080569,2520.751,1,0,1,0
stupid6.txt,119367250,754945,0.00632455719638343,2566.055,1,0,1,0
stupid7.txt,247805617,1564312,0.00631265755368249,2768.429,1,0,1,0
stupid8.txt,11843716,77406,0.006535617706469828,2343.294,1,0,1,0
stupid9.txt,70150854,444798,0.006340592803046988,2455.624,1,0,1,0
large_1.bin,5000000,5001548,1.0003096,2426.23,0,0,1,0
large_1.bin,5000000,5001548,1.0003096,2419.022,0,0,1,0
large_2.bin,10000000,10003073,1.0003073,2389.171,0,0,1,0
large_2.bin,10000000,10003073,1.0003073,2383.227,0,0,1,0
large_3.bin,20000000,20006123,1.00030615,2433.518,1,0,1,0
large_3.bin,20000000,20006123,1.00030615,2458.039,1,0,1,0
large_4.bin,50000000,50015273,1.00030546,2591.949,1,0,1,0
large_4.bin,50000000,50015273,1.00030546,2579.059,1,0,1,0
large_5.bin,75000000,75022898,1.0003053066666667,2700.813,1,0,1,0
large_5.bin,75000000,75022898,1.0003053066666667,2693.368,1,0,1,0
large_6.bin,100000000,100030523,1.00030523,2823.019,1,0,1,0
large_6.bin,100000000,100030523,1.00030523,2831.257,1,0,1,0
medium_bin_2.bin,250000,250098,1.000392,2335.922,0,0,1,0
medium_bin_2.bin,250000,250098,1.000392,2334.377,0,0,1,0
medium_bin_4.bin,1000000,1000328,1.000328,2332.127,0,0,1,0
medium_bin_4.bin,1000000,1000328,1.000328,2341.876,0,0,1,0
medium_text_1.txt,100000,75763,0.75763,2334.385,0,0,1,0
medium_text_1.txt,100000,75763,0.75763,2321.641,0,0,1,0
medium_text_3.txt,500000,378799,0.757598,2340.907,0,0,1,0
medium_text_3.txt,500000,378799,0.757598,2342.215,0,0,1,0
small1.txt.txt,6,26,4.333333333333333,2336.909,0,0,1,0
small1.txt.txt,6,26,4.333333333333333,2347.785,0,0,1,0
small2.txt.txt,12,29,2.4166666666666665,2337.366,0,0,1,0
small2.txt.txt,12,29,2.4166666666666665,2308.181,0,0,1,0
small_text_1.txt,5000,3818,0.7636,2346.778,0,0,1,0
small_text_1.txt,5000,3818,0.7636,2325.169,0,0,1,0
small_text_2.txt,10000,7596,0.7596,2327.54,0,0,1,0
small_text_2.txt,10000,7596,0.7596,2353.347,0,0,1,0
small_text_3.txt,20000,15182,0.7591,2338.86,0,0,1,0
small_text_3.txt,20000,15182,0.7591,2331.296,0,0,1,0
small_text_4.txt,30000,22740,0.758,2331.875,0,0,1,0
small_text_4.txt,30000,22740,0.758,2318.217,0,0,1,0
small_text_5.txt,40000,30320,0.758,2337.933,0,0,1,0
small_text_5.txt,40000,30320,0.758,2330.248,0,0,1,0
small_text_6.txt,50000,37890,0.7578,2326.026,0,0,1,0
small_text_6.txt,50000,37890,0.7578,2314.842,0,0,1,0
stupid1.txt,34984320,223185,0.006379572334119971,2380.088,1,0,1,0
stupid1.txt,34984320,223185,0.006379572334119971,2420.459,1,0,1,0
stupid10.txt,92927100,588322,0.006331005702319345,2501.873,1,0,1,0
stupid10.txt,92927100,588322,0.006331005702319345,2476.183,1,0,1,0
stupid2.txt,174921600,1105019,0.006317224402246492,2632.669,1,0,1,0
stupid2.txt,174921600,1105019,0.006317224402246492,2624.973,1,0,1,0
stupid3.txt,27,27,1.0,2324.778,0,0,1,0
stupid3.txt,27,27,1.0,2325.336,0,0,1,0
stupid4.txt,122978270,777700,0.00632388144669786,2541.265,1,0,1,0
stupid4.txt,122978270,777700,0.00632388144669786,2531.868,1,0,1,0
stupid5.txt,104952993,664104,0.00632763279080569,2522.749,1,0,1,0
stupid5.txt,104952993,664104,0.00632763279080569,2526.528,1,0,1,0
stupid6.txt,119367250,754945,0.00632455719638343,2556.038,1,0,1,0
stupid6.txt,119367250,754945,0.00632455719638343,2547.948,1,0,1,0
stupid7.txt,247805617,1564312,0.00631265755368249,2774.522,1,0,1,0
stupid7.txt,247805617,1564312,0.00631265755368249,2761.984,1,0,1,0
stupid8.txt,11843716,77406,0.006535617706469828,2348.072,1,0,1,0
stupid8.txt,11843716,77406,0.006535617706469828,2345.326,1,0,1,0
stupid9.txt,70150854,444798,0.006340592803046988,2446.208,1,0,1,0
stupid9.txt,70150854,444798,0.006340592803046988,2443.044,1,0,1,0
large_1.bin,5000000,5001548,1.0003096,2514.591,0,0,1,0
large_2.bin,10000000,10003073,1.0003073,2395.667,0,0,1,0
large_3.bin,20000000,20006123,1.00030615,2426.365,1,0,1,0
large_4.bin,50000000,50015273,1.00030546,2598.615,1,1,0,1
large_5.bin,75000000,75022898,1.0003053066666667,2700.29,1,0,1,0
large_6.bin,100000000,100030523,1.00030523,3652.866,1,0,1,0
medium_bin_2.bin,250000,250098,1.000392,2721.216,0,0,1,0
medium_bin_4.bin,1000000,1000328,1.000328,2896.774,0,0,1,0
medium_text_1.txt,100000,75763,0.75763,2712.625,0,0,1,0
medium_text_3.txt,500000,378799,0.757598,2794.082,0,0,1,0
small1.txt.txt,6,26,4.333333333333333,2809.432,0,0,1,0
small2.txt.txt,12,29,2.4166666666666665,2726.401,0,0,1,0
small_text_1.txt,5000,3818,0.7636,2697.296,0,0,1,0
small_text_2.txt,10000,7596,0.7596,2673.036,0,0,1,0
small_text_3.txt,20000,15182,0.7591,2702.281,0,0,1,0
small_text_4.txt,30000,22740,0.758,2702.018,0,0,1,0
small_text_5.txt,40000,30320,0.758,2711.503,0,0,1,0
small_text_6.txt,50000,37890,0.7578,2692.108,0,0,1,0
stupid1.txt,34984320,223185,0.006379572334119971,2743.72,1,0,1,0
stupid10.txt,92927100,588322,0.006331005702319345,2936.226,1,0,1,0
stupid2.txt,174921600,1105019,0.006317224402246492,3312.951,1,1,0,1
stupid3.txt,27,27,1.0,2722.391,0,0,1,0
stupid4.txt,122978270,777700,0.00632388144669786,3154.287,1,1,0,1
stupid5.txt,104952993,664104,0.00632763279080569,2998.413,1,0,1,0
stupid6.txt,119367250,754945,0.00632455719638343,3122.448,1,1,0,1
stupid7.txt,247805617,1564312,0.00631265755368249,3255.121,1,0,1,0
stupid8.txt,11843716,77406,0.006535617706469828,2722.675,1,0,1,0
stupid9.txt,70150854,444798,0.006340592803046988,2993.315,1,1,0,1
large_1.bin,5000000,5001548,1.0003096,2976.689,0,0,1,0
large_2.bin,10000000,10003073,1.0003073,2822.958,0,0,1,0
large_3.bin,20000000,20006123,1.00030615,2922.888,1,1,0,1
large_4.bin,50000000,50015273,1.00030546,3133.16,1,1,0,1
large_5.bin,75000000,75022898,1.0003053066666667,3339.458,1,0,1,0
large_6.bin,100000000,100030523,1.00030523,3523.236,1,0,1,0
medium_bin_2.bin,250000,250098,1.000392,2725.559,0,0,1,0
medium_bin_4.bin,1000000,1000328,1.000328,2685.978,0,0,1,0
medium_text_1.txt,100000,75763,0.75763,2679.689,0,0,1,0
medium_text_3.txt,500000,378799,0.757598,2708.029,0,0,1,0
small1.txt.txt,6,26,4.333333333333333,2676.425,0,0,1,0
small2.txt.txt,12,29,2.4166666666666665,2708.834,0,0,1,0
small_text_1.txt,5000,3818,0.7636,2710.894,0,0,1,0
small_text_2.txt,10000,7596,0.7596,2696.238,0,0,1,0
small_text_3.txt,20000,15182,0.7591,2757.928,0,0,1,0
small_text_4.txt,30000,22740,0.758,2738.611,0,0,1,0
small_text_5.txt,40000,30320,0.758,2728.124,0,0,1,0
small_text_6.txt,50000,37890,0.7578,2684.068,0,0,1,0
stupid1.txt,34984320,223185,0.006379572334119971,2803.477,1,0,1,0
stupid10.txt,92927100,588322,0.006331005702319345,2961.466,1,0,1,0
stupid2.txt,174921600,1105019,0.006317224402246492,3176.569,1,0,1,0
stupid3.txt,27,27,1.0,2724.013,0,0,1,0
stupid4.txt,122978270,777700,0.00632388144669786,3029.738,1,0,1,0
stupid5.txt,104952993,664104,0.00632763279080569,3052.174,1,1,0,1
stupid6.txt,119367250,754945,0.00632455719638343,3033.819,1,0,1,0
stupid7.txt,247805617,1564312,0.00631265755368249,3550.035,1,1,0,1
stupid8.txt,11843716,77406,0.006535617706469828,2768.445,1,1,0,1
stupid9.txt,70150854,444798,0.006340592803046988,2937.46,1,0,1,0
large_1.bin,5000000,5001548,1.0003096,3001.224,0,0,1,0
large_2.bin,10000000,10003073,1.0003073,2837.779,0,0,1,0
large_3.bin,20000000,20006123,1.00030615,2436.27,1,0,1,0
large_4.bin,50000000,50015273,1.00030546,2756.02,1,0,1,0
large_5.bin,75000000,75022898,1.0003053066666667,3328.956,1,0,1,0
large_6.bin,100000000,100030523,1.00030523,3627.411,1,1,0,1
medium_bin_2.bin,250000,250098,1.000392,2701.549,0,0,1,0
medium_bin_4.bin,1000000,1000328,1.000328,2727.896,0,0,1,0
medium_text_1.txt,100000,75763,0.75763,2672.924,0,0,1,0
medium_text_3.txt,500000,378799,0.757598,2741.852,0,0,1,0
small1.txt.txt,6,26,4.333333333333333,2672.981,0,0,1,0
small2.txt.txt,12,29,2.4166666666666665,2669.24,0,0,1,0
small_text_1.txt,5000,3818,0.7636,2704.419,0,0,1,0
small_text_2.txt,10000,7596,0.7596,2747.037,0,0,1,0
small_text_3.txt,20000,15182,0.7591,2710.558,0,0,1,0
small_text_4.txt,30000,22740,0.758,2699.898,0,0,1,0
small_text_5.txt,40000,30320,0.758,2647.433,0,0,1,0
small_text_6.txt,50000,37890,0.7578,2696.798,0,0,1,0
stupid1.txt,34984320,223185,0.006379572334119971,2770.754,1,0,1,0
stupid10.txt,92927100,588322,0.006331005702319345,2939.068,1,0,1,0
stupid2.txt,174921600,1105019,0.006317224402246492,3174.737,1,0,1,0
stupid3.txt,27,27,1.0,2770.702,0,0,1,0
stupid4.txt,122978270,777700,0.00632388144669786,3057.219,1,0,1,0
stupid5.txt,104952993,664104,0.00632763279080569,3087.594,1,1,0,1
stupid6.txt,119367250,754945,0.00632455719638343,3083.705,1,0,1,0
stupid7.txt,247805617,1564312,0.00631265755368249,3611.934,1,1,0,1
stupid8.txt,11843716,77406,0.006535617706469828,2788.413,1,0,1,0
stupid9.txt,70150854,444798,0.006340592803046988,2950.546,1,0,1,0
large_1.bin,5000000,5001548,1.0003096,3039.472,0,0,1,0
large_2.bin,10000000,10003073,1.0003073,2857.857,0,0,1,0
large_3.bin,20000000,20006123,1.00030615,2880.915,1,0,1,0
large_4.bin,50000000,50015273,1.00030546,3248.643,1,0,1,0
large_5.bin,75000000,75022898,1.0003053066666667,3419.671,1,0,1,0
large_6.bin,100000000,100030523,1.00030523,3641.361,1,0,1,0
medium_bin_2.bin,250000,250098,1.000392,2800.099,0,0,1,0
medium_bin_4.bin,1000000,1000328,1.000328,2792.147,0,0,1,0
medium_text_1.txt,100000,75763,0.75763,2700.218,0,0,1,0
medium_text_3.txt,500000,378799,0.757598,2773.127,0,0,1,0
small1.txt.txt,6,26,4.333333333333333,2746.537,0,0,1,0
small2.txt.txt,12,29,2.4166666666666665,2734.791,0,0,1,0
small_text_1.txt,5000,3818,0.7636,2768.931,0,0,1,0
small_text_2.txt,10000,7596,0.7596,2732.368,0,0,1,0
small_text_3.txt,20000,15182,0.7591,2686.959,0,0,1,0
small_text_4.txt,30000,22740,0.758,2695.141,0,0,1,0
small_text_5.txt,40000,30320,0.758,2726.953,0,0,1,0
small_text_6.txt,50000,37890,0.7578,2684.091,0,0,1,0
stupid1.txt,34984320,223185,0.006379572334119971,2793.421,1,0,1,0
stupid10.txt,92927100,588322,0.006331005702319345,2967.311,1,0,1,0
stupid2.txt,174921600,1105019,0.006317224402246492,3317.034,1,1,0,1
stupid3.txt,27,27,1.0,2723.856,0,0,1,0
stupid4.txt,122978270,777700,0.00632388144669786,3017.812,1,0,1,0
stupid5.txt,104952993,664104,0.00632763279080569,2988.794,1,0,1,0
stupid6.txt,119367250,754945,0.00632455719638343,3053.806,1,0,1,0
stupid7.txt,247805617,1564312,0.00631265755368249,3399.511,1,0,1,0
stupid8.txt,11843716,77406,0.006535617706469828,2774.853,1,0,1,0
stupid9.txt,70150854,444798,0.006340592803046988,2851.143,1,0,1,0
large_1.bin,5000000,5001548,1.0003096,3024.185,0,0,1,0
large_2.bin,10000000,10003073,1.0003073,2836.735,0,0,1,0
large_3.bin,20000000,20006123,1.00030615,2932.655,1,0,1,0
large_4.bin,50000000,50015273,1.00030546,3138.437,1,0,1,0
large_5.bin,75000000,75022898,1.0003053066666667,3369.529,1,0,1,0
large_6.bin,100000000,100030523,1.00030523,3228.735,1,0,1,0
medium_bin_2.bin,250000,250098,1.000392,2335.82,0,0,1,0
medium_bin_4.bin,1000000,1000328,1.000328,2303.378,0,0,1,0
medium_text_1.txt,100000,75763,0.75763,2389.567,0,0,1,0
medium_text_3.txt,500000,378799,0.757598,2327.501,0,0,1,0
small1.txt.txt,6,26,4.333333333333333,2314.477,0,0,1,0
small2.txt.txt,12,29,2.4166666666666665,2338.972,0,0,1,0
small_text_1.txt,5000,3818,0.7636,2320.319,0,0,1,0
small_text_2.txt,10000,7596,0.7596,2328.473,0,0,1,0
large_1.bin,5000000,5001548,1.0003096,2519.885,0,0,1,0
large_2.bin,10000000,10003073,1.0003073,2840.821,0,0,1,0
large_3.bin,20000000,20006123,1.00030615,2952.827,1,0,1,0
large_4.bin,50000000,50015273,1.00030546,3335.988,1,1,0,1
large_5.bin,75000000,75022898,1.0003053066666667,3430.473,1,0,1,0
large_6.bin,100000000,100030523,1.00030523,3715.48,1,0,1,0
medium_bin_2.bin,250000,250098,1.000392,2752.233,0,0,1,0
medium_bin_4.bin,1000000,1000328,1.000328,2750.086,0,0,1,0
medium_text_1.txt,100000,75763,0.75763,2733.848,0,0,1,0
medium_text_3.txt,500000,378799,0.757598,2896.796,0,0,1,0
small1.txt.txt,6,26,4.333333333333333,2753.101,0,0,1,0
small2.txt.txt,12,29,2.4166666666666665,2727.144,0,0,1,0
small_text_1.txt,5000,3818,0.7636,2686.885,0,0,1,0
small_text_2.txt,10000,7596,0.7596,2717.623,0,0,1,0
small_text_3.txt,20000,15182,0.7591,2716.563,0,0,1,0
small_text_4.txt,30000,22740,0.758,2769.026,0,0,1,0
small_text_5.txt,40000,30320,0.758,2680.59,0,0,1,0
small_text_6.txt,50000,37890,0.7578,2736.252,0,0,1,0
stupid1.txt,34984320,223185,0.006379572334119971,2827.83,1,1,0,1
stupid10.txt,92927100,588322,0.006331005702319345,2973.179,1,0,1,0
stupid2.txt,174921600,1105019,0.006317224402246492,3186.859,1,0,1,0
stupid3.txt,27,27,1.0,2703.103,0,0,1,0
stupid4.txt,122978270,777700,0.00632388144669786,3119.364,1,1,0,1
stupid5.txt,104952993,664104,0.00632763279080569,3023.851,1,0,1,0
stupid6.txt,119367250,754945,0.00632455719638343,3078.793,1,0,1,0
stupid7.txt,247805617,1564312,0.00631265755368249,3585.315,1,1,0,1
stupid8.txt,11843716,77406,0.006535617706469828,2783.977,1,0,1,0
stupid9.txt,70150854,444798,0.006340592803046988,2920.092,1,0,1,0
large_1.bin,5000000,5001548,1.0003096,3061.909,0,0,1,0
large_2.bin,10000000,10003073,1.0003073,2892.469,0,0,1,0
large_3.bin,20000000,20006123,1.00030615,2925.75,1,0,1,0
large_4.bin,50000000,50015273,1.00030546,3201.555,1,0,1,0
large_5.bin,75000000,75022898,1.0003053066666667,3412.33,1,0,1,0
large_6.bin,100000000,100030523,1.00030523,3632.547,1,0,1,0
medium_bin_2.bin,250000,250098,1.000392,2793.841,0,0,1,0
medium_bin_4.bin,1000000,1000328,1.000328,2780.235,0,0,1,0
medium_text_1.txt,100000,75763,0.75763,2759.398,0,0,1,0
medium_text_3.txt,500000,378799,0.757598,2850.303,0,0,1,0
small1.txt.txt,6,26,4.333333333333333,2722.638,0,0,1,0
small2.txt.txt,12,29,2.4166666666666665,2708.044,0,0,1,0
small_text_1.txt,5000,3818,0.7636,2688.003,0,0,1,0
small_text_2.txt,10000,7596,0.7596,2735.648,0,0,1,0
small_text_3.txt,20000,15182,0.7591,2727.665,0,0,1,0
small_text_4.txt,30000,22740,0.758,2716.605,0,0,1,0
small_text_5.txt,40000,30320,0.758,2713.878,0,0,1,0
small_text_6.txt,50000,37890,0.7578,2709.431,0,0,1,0
stupid1.txt,34984320,223185,0.006379572334119971,2832.453,1,0,1,0
stupid10.txt,92927100,588322,0.006331005702319345,3013.695,1,0,1,0
stupid2.txt,174921600,1105019,0.006317224402246492,3193.693,1,0,1,0
stupid3.txt,27,27,1.0,2749.73,0,0,1,0
stupid4.txt,122978270,777700,0.00632388144669786,3032.107,1,0,1,0
stupid5.txt,104952993,664104,0.00632763279080569,3129.335,1,1,0,1
stupid6.txt,119367250,754945,0.00632455719638343,3187.28,1,1,0,1
stupid7.txt,247805617,1564312,0.00631265755368249,3417.91,1,0,1,0
stupid8.txt,11843716,77406,0.006535617706469828,2764.013,1,1,0,1
stupid9.txt,70150854,444798,0.006340592803046988,3015.1,1,0,1,0
large_1.bin,5000000,5001548,1.0003096,3036.82,0,0,1,0
large_2.bin,10000000,10003073,1.0003073,2903.421,0,0,1,0
large_3.bin,20000000,20006123,1.00030615,2993.657,1,0,1,0
large_4.bin,50000000,50015273,1.00030546,3174.546,1,0,1,0
large_5.bin,75000000,75022898,1.0003053066666667,3499.011,1,1,0,1
large_6.bin,100000000,100030523,1.00030523,3602.362,1,0,1,0
medium_bin_2.bin,250000,250098,1.000392,2763.95,0,0,1,0
medium_bin_4.bin,1000000,1000328,1.000328,2741.631,0,0,1,0
medium_text_1.txt,100000,75763,0.75763,2727.43,0,0,1,0
medium_text_3.txt,500000,378799,0.757598,2787.573,0,0,1,0
small1.txt.txt,6,26,4.333333333333333,2763.353,0,0,1,0
small2.txt.txt,12,29,2.4166666666666665,2703.55,0,0,1,0
small_text_1.txt,5000,3818,0.7636,2735.809,0,0,1,0
small_text_2.txt,10000,7596,0.7596,2813.35,0,0,1,0
small_text_3.txt,20000,15182,0.7591,2757.609,0,0,1,0
small_text_4.txt,30000,22740,0.758,2736.501,0,0,1,0
small_text_5.txt,40000,30320,0.758,2805.667,0,0,1,0
small_text_6.txt,50000,37890,0.7578,2722.748,0,0,1,0
stupid1.txt,34984320,223185,0.006379572334119971,2812.889,1,0,1,0
stupid10.txt,92927100,588322,0.006331005702319345,2988.68,1,1,0,1
stupid2.txt,174921600,1105019,0.006317224402246492,3268.11,1,0,1,0
stupid3.txt,27,27,1.0,2727.556,0,0,1,0
stupid4.txt,122978270,777700,0.00632388144669786,3133.816,1,1,0,1
stupid5.txt,104952993,664104,0.00632763279080569,3117.358,1,1,0,1
stupid6.txt,119367250,754945,0.00632455719638343,3059.144,1,0,1,0
stupid7.txt,247805617,1564312,0.00631265755368249,3393.421,1,0,1,0
stupid8.txt,11843716,77406,0.006535617706469828,2778.129,1,1,0,1
stupid9.txt,70150854,444798,0.006340592803046988,2966.294,1,1,0,1
large_1.bin,5000000,5001548,1.0003096,3056.675,0,0,1,0
large_2.bin,10000000,10003073,1.0003073,2863.522,0,0,1,0
large_3.bin,20000000,20006123,1.00030615,2916.777,1,1,0,1
large_4.bin,50000000,50015273,1.00030546,3229.364,1,1,0,1
large_5.bin,75000000,75022898,1.0003053066666667,3456.411,1,0,1,0
large_6.bin,100000000,100030523,1.00030523,3605.969,1,0,1,0
medium_bin_2.bin,250000,250098,1.000392,2743.407,0,0,1,0
medium_bin_4.bin,1000000,1000328,1.000328,2740.484,0,0,1,0
medium_text_1.txt,100000,75763,0.75763,2732.345,0,0,1,0
medium_text_3.txt,500000,378799,0.757598,2815.195,0,0,1,0
small1.txt.txt,6,26,4.333333333333333,2759.49,0,0,1,0
small2.txt.txt,12,29,2.4166666666666665,2733.123,0,0,1,0
small_text_1.txt,5000,3818,0.7636,2760.379,0,0,1,0
small_text_2.txt,10000,7596,0.7596,2714.996,0,0,1,0
small_text_3.txt,20000,15182,0.7591,2665.039,0,0,1,0
small_text_4.txt,30000,22740,0.758,2671.491,0,0,1,0
small_text_5.txt,40000,30320,0.758,2713.02,0,0,1,0
small_text_6.txt,50000,37890,0.7578,2717.507,0,0,1,0
stupid1.txt,34984320,223185,0.006379572334119971,2771.824,1,0,1,0
stupid10.txt,92927100,588322,0.006331005702319345,2952.625,1,0,1,0
stupid2.txt,174921600,1105019,0.006317224402246492,2955.142,1,0,1,0
stupid3.txt,27,27,1.0,2337.885,0,0,1,0
stupid4.txt,122978270,777700,0.00632388144669786,2552.064,1,0,1,0
stupid5.txt,104952993,664104,0.00632763279080569,2512.71,1,0,1,0
stupid6.txt,119367250,754945,0.00632455719638343,2548.584,1,0,1,0
stupid7.txt,247805617,1564312,0.00631265755368249,2965.315,1,0,1,0
stupid8.txt,11843716,77406,0.006535617706469828,2714.473,1,0,1,0
stupid9.txt,70150854,444798,0.006340592803046988,2870.526,1,0,1,0
large_1.bin,5000000,5001548,1.0003096,2973.578,0,0,1,0
large_2.bin,10000000,10003073,1.0003073,2778.804,0,0,1,0
large_3.bin,20000000,20006123,1.00030615,2897.908,1,0,1,0
large_4.bin,50000000,50015273,1.00030546,3166.68,1,0,1,0
large_5.bin,75000000,75022898,1.0003053066666667,3418.176,1,0,1,0
large_6.bin,100000000,100030523,1.00030523,3560.324,1,0,1,0
medium_bin_2.bin,250000,250098,1.000392,2710.895,0,0,1,0
medium_bin_4.bin,1000000,1000328,1.000328,2697.925,0,0,1,0
medium_text_1.txt,100000,75763,0.75763,2655.696,0,0,1,0
medium_text_3.txt,500000,378799,0.757598,2730.466,0,0,1,0
small1.txt.txt,6,26,4.333333333333333,2658.925,0,0,1,0
small2.txt.txt,12,29,2.4166666666666665,2666.576,0,0,1,0
small_text_1.txt,5000,3818,0.7636,2649.431,0,0,1,0
small_text_2.txt,10000,7596,0.7596,2661.854,0,0,1,0
small_text_3.txt,20000,15182,0.7591,2687.007,0,0,1,0
small_text_4.txt,30000,22740,0.758,2646.41,0,0,1,0
small_text_5.txt,40000,30320,0.758,2672.751,0,0,1,0
small_text_6.txt,50000,37890,0.7578,2673.73,0,0,1,0
stupid1.txt,34984320,223185,0.006379572334119971,2813.981,1,1,0,1
stupid10.txt,92927100,588322,0.006331005702319345,2486.978,1,0,1,0
stupid2.txt,174921600,1105019,0.006317224402246492,2667.335,1,0,1,0
stupid3.txt,27,27,1.0,2341.286,0,0,1,0
stupid4.txt,122978270,777700,0.00632388144669786,2991.725,1,0,1,0
stupid5.txt,104952993,664104,0.00632763279080569,2893.405,1,1,0,1
stupid6.txt,119367250,754945,0.00632455719638343,2598.899,1,1,0,1
stupid7.txt,247805617,1564312,0.00631265755368249,2805.804,1,0,1,0
stupid8.txt,11843716,77406,0.006535617706469828,2356.064,1,0,1,0
stupid9.txt,70150854,444798,0.006340592803046988,2455.04,1,1,0,1
large_1.bin,5000000,5001548,1.0003096,2467.87,0,0,1,0
large_2.bin,10000000,10003073,1.0003073,2348.43,0,0,1,0
large_3.bin,20000000,20006123,1.00030615,2440.638,1,0,1,0
large_4.bin,50000000,50015273,1.00030546,2515.685,1,0,1,0
large_1.bin,5000000,5001548,1.0003096,2420.261,0,0,1,0
large_2.bin,10000000,10003073,1.0003073,2354.593,0,0,1,0
large_5.bin,75000000,75022898,1.0003053066666667,2674.373,1,0,1,0
large_3.bin,20000000,20006123,1.00030615,2407.541,1,0,1,0
large_4.bin,50000000,50015273,1.00030546,2565.391,1,1,0,1
large_6.bin,100000000,100030523,1.00030523,2774.363,1,0,1,0
medium_bin_2.bin,250000,250098,1.000392,2351.622,0,0,1,0
medium_bin_4.bin,1000000,1000328,1.000328,2768.769,0,0,1,0
large_5.bin,75000000,75022898,1.0003053066666667,3385.201,1,0,1,0
medium_text_1.txt,100000,75763,0.75763,2700.157,0,0,1,0
medium_text_3.txt,500000,378799,0.757598,2717.608,0,0,1,0
small1.txt.txt,6,26,4.333333333333333,2712.221,0,0,1,0
large_6.bin,100000000,100030523,1.00030523,3553.043,1,1,0,1
small2.txt.txt,12,29,2.4166666666666665,2751.428,0,0,1,0
medium_bin_2.bin,250000,250098,1.000392,2735.393,0,0,1,0
small_text_1.txt,5000,3818,0.7636,2725.903,0,0,1,0
medium_bin_4.bin,1000000,1000328,1.000328,2741.898,0,0,1,0
small_text_2.txt,10000,7596,0.7596,2728.964,0,0,1,0
medium_text_1.txt,100000,75763,0.75763,2696.584,0,0,1,0
small_text_3.txt,20000,15182,0.7591,2884.256,0,0,1,0
medium_text_3.txt,500000,378799,0.757598,2746.953,0,0,1,0
small_text_4.txt,30000,22740,0.758,2676.386,0,0,1,0
small1.txt.txt,6,26,4.333333333333333,2731.397,0,0,1,0
small_text_5.txt,40000,30320,0.758,2686.449,0,0,1,0
small2.txt.txt,12,29,2.4166666666666665,2685.695,0,0,1,0
small_text_6.txt,50000,37890,0.7578,2682.724,0,0,1,0
small_text_1.txt,5000,3818,0.7636,2716.72,0,0,1,0
stupid1.txt,34984320,223185,0.006379572334119971,2815.511,1,0,1,0
small_text_2.txt,10000,7596,0.7596,2693.508,0,0,1,0
small_text_3.txt,20000,15182,0.7591,2838.993,0,0,1,0
stupid10.txt,92927100,588322,0.006331005702319345,3162.713,1,1,0,1
small_text_4.txt,30000,22740,0.758,2711.035,0,0,1,0
small_text_5.txt,40000,30320,0.758,2777.213,0,0,1,0
stupid2.txt,174921600,1105019,0.006317224402246492,3242.932,1,0,1,0
stupid3.txt,27,27,1.0,2901.916,0,0,1,0
.808,0,0,1,0
stupid1.txt,34984320,223185,0.006379572334119971,2847.414,1,1,0,1
stupid4.txt,122978270,777700,0.00632388144669786,3020.109,1,0,1,0
stupid10.txt,92927100,588322,0.006331005702319345,3164.228,1,1,0,1
stupid5.txt,104952993,664104,0.00632763279080569,3086.448,1,1,0,1
stupid2.txt,174921600,1105019,0.006317224402246492,3232.57,1,0,1,0
stupid6.txt,119367250,754945,0.00632455719638343,3079.247,1,0,1,0
stupid3.txt,27,27,1.0,2747.147,0,0,1,0
stupid7.txt,247805617,1564312,0.00631265755368249,3315.977,1,0,1,0
stupid4.txt,122978270,777700,0.00632388144669786,3010.223,1,0,1,0
stupid8.txt,11843716,77406,0.006535617706469828,2779.239,1,0,1,0
stupid5.txt,104952993,664104,0.00632763279080569,3110.063,1,0,1,0
stupid9.txt,70150854,444798,0.006340592803046988,2934.404,1,0,1,0
stupid6.txt,119367250,754945,0.00632455719638343,3099.177,1,0,1,0
stupid7.txt,247805617,1564312,0.00631265755368249,3639.67,1,1,0,1
stupid8.txt,11843716,77406,0.006535617706469828,2853.271,1,0,1,0
stupid9.txt,70150854,444798,0.006340592803046988,2948.552,1,0,1,0
